Rank,City,Crime Index,Safety Index,Country,Continent_x,Population_2022,Area_km2,Density_per_km2,Growth Rate,GDP_2022,GDP_2023,Continent_y,City_Country,Latitude,Longitude,School_Enrollment_2022,Unemployment_Rate_2022,Income_per_Capita_2021
2,Pretoria,81.98,18.02,South Africa,Africa,59893885.0,1221037.0,49.0517,1.0084,406920004594.074,380699271814.508,Africa,"Pretoria, South Africa",-25.7459277,28.1879101,27.1743202209473,33.268,5520.94799061464
3,Celaya,81.8,18.2,Mexico,North America,127504125.0,1964375.0,64.9082,1.0063,1464312692331.58,1789114434843.46,Americas,"Celaya, Mexico",20.5222851,-100.83077392892064,46.4061317443848,3.256,7443.53351798716
4,San Pedro Sula,80.87,19.13,Honduras,North America,10432860.0,112492.0,92.7431,1.015,31426041806.7985,34400509852.0436,Americas,"San Pedro Sula, Honduras",15.5062156,-88.0248937,22.1740608215332,8.774,2404.35299386921
5,Port Moresby,80.71,19.29,Papua New Guinea,Oceania,10142619.0,462840.0,21.9139,1.0194,31647277767.3976,30729242919.4411,Oceania,"Port Moresby, Papua New Guinea",-9.4743301,147.1599504,100.39470214843777,2.689,1831.82762498794
6,Durban,80.6,19.4,South Africa,Africa,59893885.0,1221037.0,49.0517,1.0084,406920004594.074,380699271814.508,Africa,"Durban, South Africa",-29.861825,31.009909,27.1743202209473,33.268,5520.94799061464
7,Johannesburg,80.55,19.45,South Africa,Africa,59893885.0,1221037.0,49.0517,1.0084,406920004594.074,380699271814.508,Africa,"Johannesburg, South Africa",-26.205,28.049722,27.1743202209473,33.268,5520.94799061464
8,Kabul,79.39,20.61,Afghanistan,Asia,41128771.0,652230.0,63.0587,1.0257,14497243872.1337,17233051620.1117,Asia,"Kabul, Afghanistan",34.5553,69.2075,10.8584403991699,14.1,340.523243575066
9,Rio de Janeiro,77.93,22.07,Brazil,South America,215313498.0,8515767.0,25.2841,1.0046,1951923942083.32,2173665655937.27,Americas,"Rio de Janeiro, Brazil",-22.9110137,-43.2093727,60.3906211853027,9.231,5775.8395830056
10,Natal,77.69,22.31,Brazil,South America,215313498.0,8515767.0,25.2841,1.0046,1951923942083.32,2173665655937.27,Americas,"Natal, Brazil",-5.805398,-35.2080905,60.3906211853027,9.231,5775.8395830056
11,Fortaleza,77.36,22.64,Brazil,South America,215313498.0,8515767.0,25.2841,1.0046,1951923942083.32,2173665655937.27,Americas,"Fortaleza, Brazil",-3.7304512,-38.5217989,60.3906211853027,9.231,5775.8395830056
12,Port Elizabeth,76.44,23.56,South Africa,Africa,59893885.0,1221037.0,49.0517,1.0084,406920004594.074,380699271814.508,Africa,"Port Elizabeth, South Africa",-33.9618359,25.6186512,27.1743202209473,33.268,5520.94799061464
13,Recife,76.42,23.58,Brazil,South America,215313498.0,8515767.0,25.2841,1.0046,1951923942083.32,2173665655937.27,Americas,"Recife, Brazil",-8.0584933,-34.8848193,60.3906211853027,9.231,5775.8395830056
16,Salvador,75.69,24.31,Brazil,South America,215313498.0,8515767.0,25.2841,1.0046,1951923942083.32,2173665655937.27,Americas,"Salvador, Brazil",-12.9822499,-38.4812772,60.3906211853027,9.231,5775.8395830056
17,Rosario,75.11,24.89,Argentina,South America,45510318.0,2780400.0,16.3683,1.0052,632790070063.124,646075277525.125,Americas,"Rosario, Argentina",-32.9593609,-60.6617024,107.047912597656,6.805,9092.08560830429
20,Rockhampton,73.51,26.49,Australia,Oceania,26177413.0,7692024.0,3.4032,1.0099,1690858246994.43,1728057316695.61,Oceania,"Rockhampton, Australia",-23.3782137,150.5134227,106.240760803223,3.728,45710.8904505974
21,Cape Town,73.13,26.87,South Africa,Africa,59893885.0,1221037.0,49.0517,1.0084,406920004594.074,380699271814.508,Africa,"Cape Town, South Africa",-33.9288301,18.4172197,27.1743202209473,33.268,5520.94799061464
22,Porto Alegre,72.92,27.08,Brazil,South America,215313498.0,8515767.0,25.2841,1.0046,1951923942083.32,2173665655937.27,Americas,"Porto Alegre, Brazil",-30.0324999,-51.2303767,60.3906211853027,9.231,5775.8395830056
23,Tijuana,71.87,28.13,Mexico,North America,127504125.0,1964375.0,64.9082,1.0063,1464312692331.58,1789114434843.46,Americas,"Tijuana, Mexico",32.5317397,-117.019529,46.4061317443848,3.256,7443.53351798716
24,Kingston,71.44,28.56,Jamaica,North America,2827377.0,10991.0,257.2447,0.9999,17097760723.9201,19423355409.2316,Americas,"Kingston, Jamaica",17.9712148,-76.7928128,66.37527204814714,4.083,4687.72767428817
25,Bloemfontein,71.32,28.68,South Africa,Africa,59893885.0,1221037.0,49.0517,1.0084,406920004594.074,380699271814.508,Africa,"Bloemfontein, South Africa",-29.116395,26.215496,27.1743202209473,33.268,5520.94799061464
28,Lima,70.7,29.3,Peru,South America,34049588.0,1285216.0,26.4933,1.0099,246488757636.211,267603248655.253,Americas,"Lima, Peru",-12.0464,-77.0428,68.31110795338942,3.85,5142.14438609315
29,Guayaquil,70.59,29.41,Ecuador,South America,18001000.0,276841.0,65.0229,1.0114,116586079000.0,118844826000.0,Americas,"Guayaquil, Ecuador",-2.1900563,-79.8868741,59.8797798156738,3.761,4420.8252862934
30,Sao Paulo,70.49,29.51,Brazil,South America,215313498.0,8515767.0,25.2841,1.0046,1951923942083.32,2173665655937.27,Americas,"Sao Paulo, Brazil",-23.5506507,-46.6333824,60.3906211853027,9.231,5775.8395830056
32,San Salvador,69.79,30.21,El Salvador,North America,6336392.0,21041.0,301.145,1.0035,31988920000.0,34015620000.0,Americas,"San Salvador, El Salvador",13.6989939,-89.1914249,31.2823791503906,2.999,3710.6608174124
33,Cali,69.5,30.5,Colombia,South America,51874024.0,1141748.0,45.4339,1.0069,345329875078.512,363493841244.303,Americas,"Cali, Colombia",3.4519988,-76.5325259,59.2901382446289,10.547,5127.30925580657
34,Mexico City,68.86,31.14,Mexico,North America,127504125.0,1964375.0,64.9082,1.0063,1464312692331.58,1789114434843.46,Americas,"Mexico City, Mexico",19.4326296,-99.1331785,46.4061317443848,3.256,7443.53351798716
35,Windhoek,68.64,31.36,Namibia,Africa,2567012.0,825615.0,3.1092,1.0146,12567271004.6761,12351025066.9131,Africa,"Windhoek, Namibia",-22.53356015,17.045477525861745,28.8917407989502,19.695,3617.97406621175
37,Santo Domingo,68.37,31.63,Dominican Republic,North America,11228821.0,48671.0,230.7087,1.01,113537368176.13,121444279313.931,Americas,"Santo Domingo, Dominican Republic",18.4801972,-69.942111,55.1665306091309,5.504,7364.09894472623
40,Luanda,67.45,32.55,Angola,Africa,35588987.0,1246700.0,28.5466,1.0315,104399746853.401,84824654481.7249,Africa,"Luanda, Angola",-8.8272699,13.2439512,11.0613594055176,14.602,1231.92513309873
43,Campinas,66.74,33.26,Brazil,South America,215313498.0,8515767.0,25.2841,1.0046,1951923942083.32,2173665655937.27,Americas,"Campinas, Brazil",-22.9056391,-47.059564,60.3906211853027,9.231,5775.8395830056
45,Lagos,66.22,33.78,Nigeria,Africa,218541212.0,923768.0,236.5759,1.0241,477403400101.174,363846332834.618,Africa,"Lagos, Nigeria",6.4550575,3.3941795,26.892542053671452,3.821,1662.53237835855
47,Nantes,65.7,34.3,France,Europe,64626628.0,551695.0,117.1419,1.0015,2796302210398.84,3051831611384.76,Europe,"Nantes, France",47.2186371,-1.5541362,71.4203109741211,7.308,36447.5784621026
48,Bogota,65.42,34.58,Colombia,South America,51874024.0,1141748.0,45.4339,1.0069,345329875078.512,363493841244.303,Americas,"Bogota, Colombia",4.711,-74.0721,59.2901382446289,10.547,5127.30925580657
49,Manila,64.72,35.28,Philippines,Asia,115559009.0,342353.0,337.5434,1.0147,404353369604.631,437146372729.942,Asia,"Manila, Philippines",14.5904492,120.9803621,39.5887565612793,2.598,3196.29090547243
50,Surrey,64.58,35.42,Canada,North America,38454327.0,9984670.0,3.8513,1.0078,2161483369422.01,2142470914401.36,Americas,"Surrey, Canada",49.1913033,-122.849143,77.3137588500977,5.279,41986.2328595884
53,Almaty,64.17,35.83,Kazakhstan,Asia,19397998.0,2724900.0,7.1188,1.0105,225496328925.494,262641892078.524,Asia,"Almaty, Kazakhstan",43.2363924,76.9457275,58.9427337646484,4.86,6362.63178237645
54,Male,63.89,36.11,Maldives,Asia,523787.0,300.0,1745.9567,1.0045,6177118113.94637,6590894301.9579,Asia,"Male, Maldives",4.1779879,73.5107387,49.9534454345703,4.419,8388.42332569289
55,Lethbridge,63.89,36.11,Canada,North America,38454327.0,9984670.0,3.8513,1.0078,2161483369422.01,2142470914401.36,Americas,"Lethbridge, Canada",49.6945782,-112.8331033,77.3137588500977,5.279,41986.2328595884
56,Dhaka,63.66,36.34,Bangladesh,Asia,171186372.0,147570.0,1160.035,1.0108,460131688909.301,437415331040.994,Asia,"Dhaka, Bangladesh",23.8103,90.4125,22.8396492004395,4.593,2567.44432056871
58,Belo Horizonte,63.54,36.46,Brazil,South America,215313498.0,8515767.0,25.2841,1.0046,1951923942083.32,2173665655937.27,Americas,"Belo Horizonte, Brazil",-19.9227318,-43.9450948,60.3906211853027,9.231,5775.8395830056
59,Catania,63.51,36.49,Italy,Europe,59037474.0,301336.0,195.9191,0.9966,2102995942720.44,2300941152991.81,Europe,"Catania, Italy",37.5023612,15.0873718,73.8962097167969,8.069,29681.5571261882
60,Kuala Lumpur,63.4,36.6,Malaysia,Asia,33938221.0,330803.0,102.5934,1.0109,407605841348.235,399705169318.477,Asia,"Kuala Lumpur, Malaysia",3.1526589,101.7022205,40.2706604003906,3.93,7704.95361176673
61,Buenos Aires,63.33,36.67,Argentina,South America,45510318.0,2780400.0,16.3683,1.0052,632790070063.124,646075277525.125,Americas,"Buenos Aires, Argentina",-34.6037,-58.3816,107.047912597656,6.805,9092.08560830429
62,Klang,62.84,37.16,Malaysia,Asia,33938221.0,330803.0,102.5934,1.0109,407605841348.235,399705169318.477,Asia,"Klang, Malaysia",3.0448394,101.4447363,40.2706604003906,3.93,7704.95361176673
65,Guatemala City,62.65,37.35,Guatemala,North America,17843908.0,108889.0,163.8725,1.0134,95630524813.106,104450210572.012,Americas,"Guatemala City, Guatemala",14.6416142,-90.5132836,20.67250442504885,3.051,4189.20818789597
66,Marseille,62.51,37.49,France,Europe,64626628.0,551695.0,117.1419,1.0015,2796302210398.84,3051831611384.76,Europe,"Marseille, France",43.2961743,5.3699525,71.4203109741211,7.308,36447.5784621026
67,Tripoli,62.29,37.71,Libya,Africa,6812341.0,1759540.0,3.8717,1.0114,43246297921.8499,45096462972.4014,Africa,"Tripoli, Libya",32.896672,13.1777923,26.892542053671452,19.282,4638.50082445021
69,Curitiba,62.19,37.81,Brazil,South America,215313498.0,8515767.0,25.2841,1.0046,1951923942083.32,2173665655937.27,Americas,"Curitiba, Brazil",-25.4295963,-49.2712724,60.3906211853027,9.231,5775.8395830056
70,Guadalajara,61.99,38.01,Mexico,North America,127504125.0,1964375.0,64.9082,1.0063,1464312692331.58,1789114434843.46,Americas,"Guadalajara, Mexico",20.6720375,-103.338396,46.4061317443848,3.256,7443.53351798716
71,Red Deer,61.75,38.25,Canada,North America,38454327.0,9984670.0,3.8513,1.0078,2161483369422.01,2142470914401.36,Americas,"Red Deer, Canada",52.2690628,-113.8141464,77.3137588500977,5.279,41986.2328595884
72,Kelowna,61.56,38.44,Canada,North America,38454327.0,9984670.0,3.8513,1.0078,2161483369422.01,2142470914401.36,Americas,"Kelowna, Canada",49.8879177,-119.495902,77.3137588500977,5.279,41986.2328595884
73,Quezon City,60.99,39.01,Philippines,Asia,115559009.0,342353.0,337.5434,1.0147,404353369604.631,437146372729.942,Asia,"Quezon City, Philippines",14.6510546,121.0486254,39.5887565612793,2.598,3196.29090547243
74,Quito,60.92,39.08,Ecuador,South America,18001000.0,276841.0,65.0229,1.0114,116586079000.0,118844826000.0,Americas,"Quito, Ecuador",-0.2201641,-78.5123274,59.8797798156738,3.761,4420.8252862934
75,Puebla,60.58,39.42,Mexico,North America,127504125.0,1964375.0,64.9082,1.0063,1464312692331.58,1789114434843.46,Americas,"Puebla, Mexico",18.833333,-98.0,46.4061317443848,3.256,7443.53351798716
76,Cairns,60.57,39.43,Australia,Oceania,26177413.0,7692024.0,3.4032,1.0099,1690858246994.43,1728057316695.61,Oceania,"Cairns, Australia",-16.9206657,145.7721854,106.240760803223,3.728,45710.8904505974
77,Cordoba,60.38,39.62,Argentina,South America,45510318.0,2780400.0,16.3683,1.0052,632790070063.124,646075277525.125,Americas,"Cordoba, Argentina",-31.4166867,-64.1834193,107.047912597656,6.805,9092.08560830429
78,Harare,60.35,39.65,Zimbabwe,Africa,16320537.0,390757.0,41.7665,1.0204,32789751736.3323,35231367885.8554,Africa,"Harare, Zimbabwe",-17.8567035,31.0601584,9.85962438583374,10.087,1490.55030945387
79,Craiova,60.2,39.8,Romania,Europe,19659267.0,238391.0,82.4665,1.0171,296354358293.475,350775856415.189,Europe,"Craiova, Romania",44.3190159,23.7965614,58.2390403747559,5.614,12194.3636281641
81,Sudbury,60.1,39.9,Canada,North America,38454327.0,9984670.0,3.8513,1.0078,2161483369422.01,2142470914401.36,Americas,"Sudbury, Canada",46.49272,-80.991211,77.3137588500977,5.279,41986.2328595884
82,Naples,59.96,40.04,Italy,Europe,59037474.0,301336.0,195.9191,0.9966,2102995942720.44,2300941152991.81,Europe,"Naples, Italy",40.8358846,14.2487679,73.8962097167969,8.069,29681.5571261882
84,Ghaziabad,59.83,40.17,India,Asia,1417173173.0,3287590.0,431.0675,1.0068,3353470496886.33,3567551674623.01,Asia,"Ghaziabad, India",28.7749966,77.4586967071196,32.6703071594238,4.822,1907.12903981633
85,Sault Ste. Marie,59.81,40.19,Canada,North America,38454327.0,9984670.0,3.8513,1.0078,2161483369422.01,2142470914401.36,Americas,"Sault Ste. Marie, Canada",46.5126554,-84.3330301,77.3137588500977,5.279,41986.2328595884
86,Santiago,59.8,40.2,Chile,South America,19603733.0,756102.0,25.9274,1.0057,302116539409.03,335533331669.219,Americas,"Santiago, Chile",-33.4489,-70.6693,99.3372802734375,8.249,11116.895712123
87,Brasilia,59.46,40.54,Brazil,South America,215313498.0,8515767.0,25.2841,1.0046,1951923942083.32,2173665655937.27,Americas,"Brasilia, Brazil",-10.3333333,-53.2,60.3906211853027,9.231,5775.8395830056
88,Nice,59.43,40.57,France,Europe,64626628.0,551695.0,117.1419,1.0015,2796302210398.84,3051831611384.76,Europe,"Nice, France",43.7009358,7.2683912,71.4203109741211,7.308,36447.5784621026
90,Delhi,59.15,40.85,India,Asia,1417173173.0,3287590.0,431.0675,1.0068,3353470496886.33,3567551674623.01,Asia,"Delhi, India",28.6273928,77.1716954,32.6703071594238,4.822,1907.12903981633
91,Baghdad,59.13,40.87,Iraq,Asia,44496122.0,438317.0,101.5158,1.0221,286640340965.517,250842782139.464,Asia,"Baghdad, Iraq",33.3061701,44.3872213,42.730411335704765,15.511,3731.8369389844
92,Nairobi,59.03,40.97,Kenya,Africa,54027487.0,580367.0,93.0919,1.0193,114448978152.637,108038588970.595,Africa,"Nairobi, Kenya",-1.2832533,36.8172449,10.5694704055786,5.707,1789.59666490958
93,Winnipeg,58.93,41.07,Canada,North America,38454327.0,9984670.0,3.8513,1.0078,2161483369422.01,2142470914401.36,Americas,"Winnipeg, Canada",49.8955367,-97.1384584,77.3137588500977,5.279,41986.2328595884
94,Minsk,58.72,41.28,Belarus,Europe,9534954.0,207600.0,45.9295,0.9955,73775179924.603,71857382745.6066,Europe,"Minsk, Belarus",53.9024716,27.5618225,70.8675689697266,3.574,5812.02174051461
95,Darwin,58.47,41.53,Australia,Oceania,26177413.0,7692024.0,3.4032,1.0099,1690858246994.43,1728057316695.61,Oceania,"Darwin, Australia",-12.46044,130.8410469,106.240760803223,3.728,45710.8904505974
98,Liege,57.38,42.62,Belgium,Europe,11655930.0,30528.0,381.8111,1.0038,593438820508.173,644782756682.756,Europe,"Liege, Belgium",50.47081585,5.773545903524977,83.5736465454102,5.57,41743.0142804966
99,Noida,57.12,42.88,India,Asia,1417173173.0,3287590.0,431.0675,1.0068,3353470496886.33,3567551674623.01,Asia,"Noida, India",28.5706333,77.3272147,32.6703071594238,4.822,1907.12903981633
101,Malmo,56.59,43.41,Sweden,Europe,10549347.0,450295.0,23.4276,1.0079,579895717343.956,584960475767.32,Europe,"Malmo, Sweden",55.6052931,13.0001566,83.8976135253906,7.392,51830.6266145746
102,Athens,56.42,43.58,Greece,Europe,10384971.0,131990.0,78.68,0.9942,218880566444.349,243498333237.802,Europe,"Athens, Greece",37.9838,23.7275,166.665649414062,12.426,17262.586536424
104,Paris,56.02,43.98,France,Europe,64626628.0,551695.0,117.1419,1.0015,2796302210398.84,3051831611384.76,Europe,"Paris, France",48.8588897,2.3200410217200766,71.4203109741211,7.308,36447.5784621026
106,Geelong,55.76,44.24,Australia,Oceania,26177413.0,7692024.0,3.4032,1.0099,1690858246994.43,1728057316695.61,Oceania,"Geelong, Australia",-38.1493248,144.3598241,106.240760803223,3.728,45710.8904505974
108,Gaborone,55.67,44.33,Botswana,Africa,2630296.0,582000.0,4.5194,1.0162,20321958850.0363,19396084498.0084,Africa,"Gaborone, Botswana",-24.6581357,25.9088474,22.3768501281738,23.615,5455.5673993521
109,Casablanca,55.39,44.61,Morocco,Africa,37457971.0,446550.0,83.883,1.0103,130951926351.241,144417103249.646,Africa,"Casablanca, Morocco",33.5945144,-7.6200284,46.1795501708984,9.494,3372.8427734375
110,San Jose,55.38,44.62,Costa Rica,North America,5180829.0,51100.0,101.3861,1.0052,69243626028.5936,86497941439.0174,Americas,"San Jose, Costa Rica",9.9325427,-84.0795782,54.7189712524414,11.325,11172.4316041155
111,Ulaanbaatar,55.34,44.66,Mongolia,Asia,3398366.0,1564110.0,2.1727,1.0151,17146471713.748,20325121393.9074,Asia,"Ulaanbaatar, Mongolia",47.9184676,106.9177016,64.3169937133789,6.211,2762.494617529
112,Cancun,55.18,44.82,Mexico,North America,127504125.0,1964375.0,64.9082,1.0063,1464312692331.58,1789114434843.46,Americas,"Cancun, Mexico",21.1527467,-86.8425761,46.4061317443848,3.256,7443.53351798716
113,Montpellier,55.16,44.84,France,Europe,64626628.0,551695.0,117.1419,1.0015,2796302210398.84,3051831611384.76,Europe,"Montpellier, France",43.6112422,3.8767337,71.4203109741211,7.308,36447.5784621026
115,Gurgaon,55.09,44.91,India,Asia,1417173173.0,3287590.0,431.0675,1.0068,3353470496886.33,3567551674623.01,Asia,"Gurgaon, India",28.4646148,77.0299194,32.6703071594238,4.822,1907.12903981633
116,Oshawa,55.08,44.92,Canada,North America,38454327.0,9984670.0,3.8513,1.0078,2161483369422.01,2142470914401.36,Americas,"Oshawa, Canada",43.8975558,-78.8635324,77.3137588500977,5.279,41986.2328595884
118,Ballarat,55.05,44.95,Australia,Oceania,26177413.0,7692024.0,3.4032,1.0099,1690858246994.43,1728057316695.61,Oceania,"Ballarat, Australia",-37.5623013,143.8605645,106.240760803223,3.728,45710.8904505974
119,Brampton,54.98,45.02,Canada,North America,38454327.0,9984670.0,3.8513,1.0078,2161483369422.01,2142470914401.36,Americas,"Brampton, Canada",43.685832,-79.7599366,77.3137588500977,5.279,41986.2328595884
121,Montevideo,54.81,45.19,Uruguay,South America,3422794.0,181034.0,18.9069,0.999,70164683290.3776,77240830877.4597,Americas,"Montevideo, Uruguay",-34.9011,-56.1645,76.3977432250977,7.877,14718.5878720984
122,Bangalore,54.81,45.19,India,Asia,1417173173.0,3287590.0,431.0675,1.0068,3353470496886.33,3567551674623.01,Asia,"Bangalore, India",12.98815675,77.62260003796,32.6703071594238,4.822,1907.12903981633
123,Thessaloniki,54.8,45.2,Greece,Europe,10384971.0,131990.0,78.68,0.9942,218880566444.349,243498333237.802,Europe,"Thessaloniki, Greece",40.6401,22.9444,166.665649414062,12.426,17262.586536424
124,Hamilton,54.53,45.47,Canada,North America,38454327.0,9984670.0,3.8513,1.0078,2161483369422.01,2142470914401.36,Americas,"Hamilton, Canada",43.2560802,-79.8728583,77.3137588500977,5.279,41986.2328595884
125,Bilbao,54.42,45.58,Spain,Europe,47558630.0,505992.0,93.9909,1.0015,1446498147749.03,1620090734956.89,Europe,"Bilbao, Spain",43.263,-2.935,94.5131072998047,12.917,25118.4531381716
126,Lille,54.33,45.67,France,Europe,64626628.0,551695.0,117.1419,1.0015,2796302210398.84,3051831611384.76,Europe,"Lille, France",50.6365654,3.0635282,71.4203109741211,7.308,36447.5784621026
127,Grenoble,54.2,45.8,France,Europe,64626628.0,551695.0,117.1419,1.0015,2796302210398.84,3051831611384.76,Europe,"Grenoble, France",45.1875602,5.7357819,71.4203109741211,7.308,36447.5784621026
128,Karachi,54.1,45.9,Pakistan,Asia,235824862.0,881912.0,267.4018,1.0191,374890295666.694,337912301397.727,Asia,"Karachi, Pakistan",24.8546842,67.0207055,10.6203098297119,5.485,1363.23295218181
129,Johor Bahru,54.07,45.93,Malaysia,Asia,33938221.0,330803.0,102.5934,1.0109,407605841348.235,399705169318.477,Asia,"Johor Bahru, Malaysia",1.4581986,103.7649059,40.2706604003906,3.93,7704.95361176673
130,Algiers,53.88,46.12,Algeria,Africa,44903225.0,2381741.0,18.8531,1.0164,225638456572.143,247626161016.414,Africa,"Algiers, Algeria",36.7729333,3.0588445,53.4012489318848,12.346,2809.55559413559
132,London,53.59,46.41,Canada,North America,38454327.0,9984670.0,3.8513,1.0078,2161483369422.01,2142470914401.36,Americas,"London, Canada",42.9832406,-81.243372,77.3137588500977,5.279,41986.2328595884
133,Phnom Penh,53.56,46.44,Cambodia,Asia,16767842.0,181035.0,92.6221,1.0108,39994532959.6074,42335646895.7984,Asia,"Phnom Penh, Cambodia",11.5730391,104.857807,14.9985504150391,0.231,1343.72667633843
134,Jakarta,53.3,46.7,Indonesia,Asia,275501339.0,1904569.0,144.6529,1.0064,1319076267291.51,1371171152331.16,Asia,"Jakarta, Indonesia",-6.2088,106.8456,42.6331672668457,3.462,3189.24304681592
136,Toowoomba,53.17,46.83,Australia,Oceania,26177413.0,7692024.0,3.4032,1.0099,1690858246994.43,1728057316695.61,Oceania,"Toowoomba, Australia",-27.5610193,151.953351,106.240760803223,3.728,45710.8904505974
137,Odessa (Odesa),53.17,46.83,Ukraine,Europe,39701739.0,603500.0,65.7858,0.912,161989520721.19,178757021965.008,Europe,"Odessa (Odesa), Ukraine",46.4843023,30.7322878,80.84130096435547,9.167666666666667,3918.818359375
138,Medellin,53.12,46.88,Colombia,South America,51874024.0,1141748.0,45.4339,1.0069,345329875078.512,363493841244.303,Americas,"Medellin, Colombia",6.269732449999999,-75.60255965090315,59.2901382446289,10.547,5127.30925580657
139,Rome,53.11,46.89,Italy,Europe,59037474.0,301336.0,195.9191,0.9966,2102995942720.44,2300941152991.81,Europe,"Rome, Italy",41.8933203,12.4829321,73.8962097167969,8.069,29681.5571261882
140,Rennes,53.0,47.0,France,Europe,64626628.0,551695.0,117.1419,1.0015,2796302210398.84,3051831611384.76,Europe,"Rennes, France",48.1113387,-1.6800198,71.4203109741211,7.308,36447.5784621026
141,Petaling Jaya,52.99,47.01,Malaysia,Asia,33938221.0,330803.0,102.5934,1.0109,407605841348.235,399705169318.477,Asia,"Petaling Jaya, Malaysia",3.0988792,101.6454202,40.2706604003906,3.93,7704.95361176673
142,Amadora,52.98,47.02,Portugal,Europe,10270865.0,92090.0,111.5307,0.9981,256898675068.927,289114289663.542,Europe,"Amadora, Portugal",38.758959,-9.2365233,75.557243347168,6.011,19318.4675574803
143,Drogheda,52.96,47.04,Ireland,Europe,5023109.0,70273.0,71.4799,1.0073,548570250341.987,551394889339.778,Europe,"Drogheda, Ireland",53.7149877,-6.3524183,76.6049499511719,4.501,49607.1754153272
145,Regina,52.82,47.18,Canada,North America,38454327.0,9984670.0,3.8513,1.0078,2161483369422.01,2142470914401.36,Americas,"Regina, Canada",50.4479733,-104.6158764,77.3137588500977,5.279,41986.2328595884
146,Kamloops,52.63,47.37,Canada,North America,38454327.0,9984670.0,3.8513,1.0078,2161483369422.01,2142470914401.36,Americas,"Kamloops, Canada",50.6758269,-120.339415,77.3137588500977,5.279,41986.2328595884
147,Brussels,52.41,47.59,Belgium,Europe,11655930.0,30528.0,381.8111,1.0038,593438820508.173,644782756682.756,Europe,"Brussels, Belgium",50.8465573,4.351697,83.5736465454102,5.57,41743.0142804966
148,Dnipro,52.31,47.69,Ukraine,Europe,39701739.0,603500.0,65.7858,0.912,161989520721.19,178757021965.008,Europe,"Dnipro, Ukraine",51.55671627970489,30.612198102798057,80.84130096435547,9.167666666666667,3918.818359375
152,Bari,52.15,47.85,Italy,Europe,59037474.0,301336.0,195.9191,0.9966,2102995942720.44,2300941152991.81,Europe,"Bari, Italy",41.1171,16.8719,73.8962097167969,8.069,29681.5571261882
153,Dublin,51.91,48.09,Ireland,Europe,5023109.0,70273.0,71.4799,1.0073,548570250341.987,551394889339.778,Europe,"Dublin, Ireland",53.3493795,-6.2605593,76.6049499511719,4.501,49607.1754153272
154,Cebu,51.88,48.12,Philippines,Asia,115559009.0,342353.0,337.5434,1.0147,404353369604.631,437146372729.942,Asia,"Cebu, Philippines",10.47,123.83,39.5887565612793,2.598,3196.29090547243
155,Wollongong,51.73,48.27,Australia,Oceania,26177413.0,7692024.0,3.4032,1.0099,1690858246994.43,1728057316695.61,Oceania,"Wollongong, Australia",-34.4243941,150.89385,106.240760803223,3.728,45710.8904505974
156,Florianopolis,51.49,48.51,Brazil,South America,215313498.0,8515767.0,25.2841,1.0046,1951923942083.32,2173665655937.27,Americas,"Florianopolis, Brazil",-27.5973002,-48.5496098,60.3906211853027,9.231,5775.8395830056
159,San Miguel de Allende,51.35,48.65,Mexico,North America,127504125.0,1964375.0,64.9082,1.0063,1464312692331.58,1789114434843.46,Americas,"San Miguel de Allende, Mexico",20.9130501,-100.735660026662,46.4061317443848,3.256,7443.53351798716
161,Lyon,51.29,48.71,France,Europe,64626628.0,551695.0,117.1419,1.0015,2796302210398.84,3051831611384.76,Europe,"Lyon, France",45.75,4.85,71.4203109741211,7.308,36447.5784621026
162,Turin,51.28,48.72,Italy,Europe,59037474.0,301336.0,195.9191,0.9966,2102995942720.44,2300941152991.81,Europe,"Turin, Italy",45.0677551,7.6824892,73.8962097167969,8.069,29681.5571261882
168,Playa del Carmen,49.45,50.55,Mexico,North America,127504125.0,1964375.0,64.9082,1.0063,1464312692331.58,1789114434843.46,Americas,"Playa del Carmen, Mexico",20.6308643,-87.0779503,46.4061317443848,3.256,7443.53351798716
169,Constanta,49.32,50.68,Romania,Europe,19659267.0,238391.0,82.4665,1.0171,296354358293.475,350775856415.189,Europe,"Constanta, Romania",44.1767161,28.6507598,58.2390403747559,5.614,12194.3636281641
170,Asuncion,49.29,50.71,Paraguay,South America,6780744.0,406752.0,16.6705,1.0115,41952910858.0846,42956263543.9482,Americas,"Asuncion, Paraguay",-25.2800459,-57.6343814,68.31110795338942,6.755,5263.78826816433
171,Nanaimo,49.23,50.77,Canada,North America,38454327.0,9984670.0,3.8513,1.0078,2161483369422.01,2142470914401.36,Americas,"Nanaimo, Canada",49.163877,-123.938122,77.3137588500977,5.279,41986.2328595884
172,Toulouse,48.92,51.08,France,Europe,64626628.0,551695.0,117.1419,1.0015,2796302210398.84,3051831611384.76,Europe,"Toulouse, France",43.6045,1.4442,71.4203109741211,7.308,36447.5784621026
173,Barcelona,48.87,51.13,Spain,Europe,47558630.0,505992.0,93.9909,1.0015,1446498147749.03,1620090734956.89,Europe,"Barcelona, Spain",41.3828939,2.1774322,94.5131072998047,12.917,25118.4531381716
174,Mysore,48.85,51.15,India,Asia,1417173173.0,3287590.0,431.0675,1.0068,3353470496886.33,3567551674623.01,Asia,"Mysore, India",12.3051828,76.6553609,32.6703071594238,4.822,1907.12903981633
175,Saskatoon,48.81,51.19,Canada,North America,38454327.0,9984670.0,3.8513,1.0078,2161483369422.01,2142470914401.36,Americas,"Saskatoon, Canada",52.131802,-106.660767,77.3137588500977,5.279,41986.2328595884
176,Kharkiv,48.65,51.35,Ukraine,Europe,39701739.0,603500.0,65.7858,0.912,161989520721.19,178757021965.008,Europe,"Kharkiv, Ukraine",49.9923181,36.2310146,80.84130096435547,9.167666666666667,3918.818359375
178,Indore,48.61,51.39,India,Asia,1417173173.0,3287590.0,431.0675,1.0068,3353470496886.33,3567551674623.01,Asia,"Indore, India",22.7203616,75.8681996,32.6703071594238,4.822,1907.12903981633
180,Rawalpindi,48.57,51.43,Pakistan,Asia,235824862.0,881912.0,267.4018,1.0191,374890295666.694,337912301397.727,Asia,"Rawalpindi, Pakistan",33.5914237,73.0535122,10.6203098297119,5.485,1363.23295218181
181,Lucknow (Lakhnau),48.41,51.59,India,Asia,1417173173.0,3287590.0,431.0675,1.0068,3353470496886.33,3567551674623.01,Asia,"Lucknow (Lakhnau), India",26.8381,80.9346001,32.6703071594238,4.822,1907.12903981633
182,Bordeaux,48.39,51.61,France,Europe,64626628.0,551695.0,117.1419,1.0015,2796302210398.84,3051831611384.76,Europe,"Bordeaux, France",44.8378,-0.5792,71.4203109741211,7.308,36447.5784621026
184,Bali,48.36,51.64,Indonesia,Asia,275501339.0,1904569.0,144.6529,1.0064,1319076267291.51,1371171152331.16,Asia,"Bali, Indonesia",-8.2271303,115.1919203,42.6331672668457,3.462,3189.24304681592
190,St.Catharines,47.42,52.58,Canada,North America,38454327.0,9984670.0,3.8513,1.0078,2161483369422.01,2142470914401.36,Americas,"St.Catharines, Canada",43.1579812,-79.2441003,77.3137588500977,5.279,41986.2328595884
191,Gothenburg,47.34,52.66,Sweden,Europe,10549347.0,450295.0,23.4276,1.0079,579895717343.956,584960475767.32,Europe,"Gothenburg, Sweden",57.7072326,11.9670171,83.8976135253906,7.392,51830.6266145746
192,Monterrey,47.2,52.8,Mexico,North America,127504125.0,1964375.0,64.9082,1.0063,1464312692331.58,1789114434843.46,Americas,"Monterrey, Mexico",25.6802019,-100.315258,46.4061317443848,3.256,7443.53351798716
193,Podgorica,47.2,52.8,Montenegro,Europe,627082.0,13812.0,45.4012,0.9988,6229801580.79157,7530593375.22034,Europe,"Podgorica, Montenegro",42.4415238,19.2621081,57.4317893981934,14.851,8483.01598085187
194,Panama City,47.16,52.84,Panama,North America,4408581.0,75417.0,58.4561,1.0132,76276116700.0,83318176900.0,Americas,"Panama City, Panama",8.9714493,-79.5341802,58.173511505127,8.086,11846.9473169223
195,Addis Ababa,47.15,52.85,Ethiopia,Africa,123379924.0,1104300.0,111.7268,1.0257,126772703047.701,163697927593.982,Africa,"Addis Ababa, Ethiopia",9.0358287,38.7524127,26.892542053671452,3.409,786.584764773159
196,Tunis,47.14,52.86,Tunisia,Africa,12356117.0,163610.0,75.5218,1.0076,44579761022.8993,48529595416.6533,Africa,"Tunis, Tunisia",36.8065,10.1815,37.8049087524414,15.3,3285.41977717876
198,St. John's,46.99,53.01,Canada,North America,38454327.0,9984670.0,3.8513,1.0078,2161483369422.01,2142470914401.36,Americas,"St. John's, Canada",47.5614705,-52.7126162,77.3137588500977,5.279,41986.2328595884
200,Accra,46.88,53.12,Ghana,Africa,33475870.0,238533.0,140.3406,1.0196,74263364041.8742,76370396722.154,Africa,"Accra, Ghana",5.5571096,-0.2012376,20.3897304534912,3.084,1841.53504387296
201,Milan,46.84,53.16,Italy,Europe,59037474.0,301336.0,195.9191,0.9966,2102995942720.44,2300941152991.81,Europe,"Milan, Italy",45.4641943,9.1896346,73.8962097167969,8.069,29681.5571261882
205,Auckland,46.75,53.25,New Zealand,Oceania,5185288.0,270467.0,19.1716,1.0108,246733522841.353,252175506110.168,Oceania,"Auckland, New Zealand",-36.852095,174.7631803,77.0104675292969,3.297,40518.245535159
206,Kolkata,46.68,53.32,India,Asia,1417173173.0,3287590.0,431.0675,1.0068,3353470496886.33,3567551674623.01,Asia,"Kolkata, India",22.5726459,88.3638953,32.6703071594238,4.822,1907.12903981633
208,Bologna,46.62,53.38,Italy,Europe,59037474.0,301336.0,195.9191,0.9966,2102995942720.44,2300941152991.81,Europe,"Bologna, Italy",44.4938203,11.3426327,73.8962097167969,8.069,29681.5571261882
209,Newcastle,46.6,53.4,Australia,Oceania,26177413.0,7692024.0,3.4032,1.0099,1690858246994.43,1728057316695.61,Oceania,"Newcastle, Australia",-32.9192953,151.7795348,106.240760803223,3.728,45710.8904505974
210,Palermo,46.59,53.41,Italy,Europe,59037474.0,301336.0,195.9191,0.9966,2102995942720.44,2300941152991.81,Europe,"Palermo, Italy",38.1112268,13.3524434,73.8962097167969,8.069,29681.5571261882
211,Hamilton,46.57,53.43,New Zealand,Oceania,5185288.0,270467.0,19.1716,1.0108,246733522841.353,252175506110.168,Oceania,"Hamilton, New Zealand",-37.7878809,175.281788,77.0104675292969,3.297,40518.245535159
212,Pattaya,46.45,53.55,Thailand,Asia,71697030.0,513120.0,139.7276,1.0013,495645210972.751,514968699239.005,Asia,"Pattaya, Thailand",12.9366924,100.8865002,43.9606094360352,0.94,5393.01457363715
215,Gold Coast,46.19,53.81,Australia,Oceania,26177413.0,7692024.0,3.4032,1.0099,1690858246994.43,1728057316695.61,Oceania,"Gold Coast, Australia",-28.0023731,153.4145987,106.240760803223,3.728,45710.8904505974
216,Stockholm,45.97,54.03,Sweden,Europe,10549347.0,450295.0,23.4276,1.0079,579895717343.956,584960475767.32,Europe,"Stockholm, Sweden",59.3251172,18.0710935,83.8976135253906,7.392,51830.6266145746
220,Vitoria,45.72,54.28,Brazil,South America,215313498.0,8515767.0,25.2841,1.0046,1951923942083.32,2173665655937.27,Americas,"Vitoria, Brazil",-20.3155,-40.3128,60.3906211853027,9.231,5775.8395830056
221,Kiev (Kyiv),45.69,54.31,Ukraine,Europe,39701739.0,603500.0,65.7858,0.912,161989520721.19,178757021965.008,Europe,"Kiev (Kyiv), Ukraine",50.4500336,30.5241361,80.84130096435547,9.167666666666667,3918.818359375
222,Kuching,45.45,54.55,Malaysia,Asia,33938221.0,330803.0,102.5934,1.0109,407605841348.235,399705169318.477,Asia,"Kuching, Malaysia",1.5597561,110.345397,40.2706604003906,3.93,7704.95361176673
223,Mumbai,45.28,54.72,India,Asia,1417173173.0,3287590.0,431.0675,1.0068,3353470496886.33,3567551674623.01,Asia,"Mumbai, India",19.076,72.8777,32.6703071594238,4.822,1907.12903981633
225,Moncton,45.04,54.96,Canada,North America,38454327.0,9984670.0,3.8513,1.0078,2161483369422.01,2142470914401.36,Americas,"Moncton, Canada",46.0985679,-64.8004265,77.3137588500977,5.279,41986.2328595884
229,Edmonton,44.56,55.44,Canada,North America,38454327.0,9984670.0,3.8513,1.0078,2161483369422.01,2142470914401.36,Americas,"Edmonton, Canada",53.5462055,-113.491241,77.3137588500977,5.279,41986.2328595884
230,Tirana,44.5,55.5,Albania,Europe,2842321.0,28748.0,98.8702,0.9957,19017242585.7803,23547179830.4413,Europe,"Tirana, Albania",41.3281482,19.8184435,62.6479187011719,10.137,5262.91359620389
231,Melbourne,44.39,55.61,Australia,Oceania,26177413.0,7692024.0,3.4032,1.0099,1690858246994.43,1728057316695.61,Oceania,"Melbourne, Australia",-37.8142454,144.9631732,106.240760803223,3.728,45710.8904505974
232,Frankfurt,44.12,55.88,Germany,Europe,83369843.0,357114.0,233.4544,0.9995,4163596357879.39,4525703903627.53,Europe,"Frankfurt, Germany",50.1106444,8.6820917,77.3656997680664,3.12,42982.481891127
233,Kristiansand,44.06,55.94,Norway,Europe,5434319.0,323802.0,16.7828,1.0058,593726965415.619,485310823603.662,Europe,"Kristiansand, Norway",58.0856276,7.93185802875815,97.6419830322266,3.231,69953.0192338809
235,Hyderabad,43.87,56.13,India,Asia,1417173173.0,3287590.0,431.0675,1.0068,3353470496886.33,3567551674623.01,Asia,"Hyderabad, India",17.360589,78.4740613,32.6703071594238,4.822,1907.12903981633
237,Chandigarh,43.46,56.54,India,Asia,1417173173.0,3287590.0,431.0675,1.0068,3353470496886.33,3567551674623.01,Asia,"Chandigarh, India",30.7334421,76.7797143,32.6703071594238,4.822,1907.12903981633
239,Windsor,43.25,56.75,Canada,North America,38454327.0,9984670.0,3.8513,1.0078,2161483369422.01,2142470914401.36,Americas,"Windsor, Canada",42.2858536,-82.9780695,77.3137588500977,5.279,41986.2328595884
240,Mississauga,43.06,56.94,Canada,North America,38454327.0,9984670.0,3.8513,1.0078,2161483369422.01,2142470914401.36,Americas,"Mississauga, Canada",43.5896231,-79.6443879,77.3137588500977,5.279,41986.2328595884
241,Vaughan,42.7,57.3,Canada,North America,38454327.0,9984670.0,3.8513,1.0078,2161483369422.01,2142470914401.36,Americas,"Vaughan, Canada",43.7941544,-79.5268023,77.3137588500977,5.279,41986.2328595884
242,Cologne,42.65,57.35,Germany,Europe,83369843.0,357114.0,233.4544,0.9995,4163596357879.39,4525703903627.53,Europe,"Cologne, Germany",50.938361,6.959974,77.3656997680664,3.12,42982.481891127
243,Hamburg,42.56,57.44,Germany,Europe,83369843.0,357114.0,233.4544,0.9995,4163596357879.39,4525703903627.53,Europe,"Hamburg, Germany",53.5511,9.9937,77.3656997680664,3.12,42982.481891127
244,Genoa,42.51,57.49,Italy,Europe,59037474.0,301336.0,195.9191,0.9966,2102995942720.44,2300941152991.81,Europe,"Genoa, Italy",44.40726,8.9338624,73.8962097167969,8.069,29681.5571261882
245,Berlin,42.24,57.76,Germany,Europe,83369843.0,357114.0,233.4544,0.9995,4163596357879.39,4525703903627.53,Europe,"Berlin, Germany",52.510885,13.3989367,77.3656997680664,3.12,42982.481891127
246,Sofia,42.13,57.87,Bulgaria,Europe,6781953.0,110879.0,61.1654,0.9849,90642851835.8996,102407653020.606,Europe,"Sofia, Bulgaria",42.6977,23.3242,84.1293563842773,4.268,10114.5235213919
247,Lodz,42.09,57.91,Poland,Europe,39857145.0,312679.0,127.4698,1.0404,695607470875.276,809200697797.088,Europe,"Lodz, Poland",51.7728245,19.478485931307937,75.2911071777344,2.811,15410.7923025682
249,Perth,41.61,58.39,Australia,Oceania,26177413.0,7692024.0,3.4032,1.0099,1690858246994.43,1728057316695.61,Oceania,"Perth, Australia",-31.9558933,115.8605855,106.240760803223,3.728,45710.8904505974
250,Pune,41.56,58.44,India,Asia,1417173173.0,3287590.0,431.0675,1.0068,3353470496886.33,3567551674623.01,Asia,"Pune, India",18.5213738,73.8545071,32.6703071594238,4.822,1907.12903981633
251,Bremen,41.52,58.48,Germany,Europe,83369843.0,357114.0,233.4544,0.9995,4163596357879.39,4525703903627.53,Europe,"Bremen, Germany",53.0758196,8.8071646,77.3656997680664,3.12,42982.481891127
252,Toronto,41.52,58.48,Canada,North America,38454327.0,9984670.0,3.8513,1.0078,2161483369422.01,2142470914401.36,Americas,"Toronto, Canada",43.65107,-79.347015,77.3137588500977,5.279,41986.2328595884
253,Novi Sad,41.41,58.59,Serbia,Europe,7221365.0,88361.0,81.7257,0.9897,66797564758.339,81342660752.3732,Europe,"Novi Sad, Serbia",45.2551338,19.8451756,72.0334320068359,8.439,7431.64056276737
254,Iloilo,41.38,58.62,Philippines,Asia,115559009.0,342353.0,337.5434,1.0147,404353369604.631,437146372729.942,Asia,"Iloilo, Philippines",10.9522168,122.5799456,39.5887565612793,2.598,3196.29090547243
255,Cuenca,41.36,58.64,Ecuador,South America,18001000.0,276841.0,65.0229,1.0114,116586079000.0,118844826000.0,Americas,"Cuenca, Ecuador",-2.8974072,-79.0041726,59.8797798156738,3.761,4420.8252862934
256,Hanover,41.29,58.71,Germany,Europe,83369843.0,357114.0,233.4544,0.9995,4163596357879.39,4525703903627.53,Europe,"Hanover, Germany",52.3744779,9.7385532,77.3656997680664,3.12,42982.481891127
257,Katowice,41.26,58.74,Poland,Europe,39857145.0,312679.0,127.4698,1.0404,695607470875.276,809200697797.088,Europe,"Katowice, Poland",50.2137321,19.00588775660632,75.2911071777344,2.811,15410.7923025682
258,Kochi,41.21,58.79,India,Asia,1417173173.0,3287590.0,431.0675,1.0068,3353470496886.33,3567551674623.01,Asia,"Kochi, India",9.9674277,76.2454436,32.6703071594238,4.822,1907.12903981633
259,Colombo,41.19,58.81,Sri Lanka,Asia,21832143.0,65610.0,332.7563,1.0027,74144870023.4244,84356863743.6335,Asia,"Colombo, Sri Lanka",6.9388614,79.8542005,22.9647026062012,4.528,3611.59123580456
260,Halifax,41.16,58.84,Canada,North America,38454327.0,9984670.0,3.8513,1.0078,2161483369422.01,2142470914401.36,Americas,"Halifax, Canada",44.648618,-63.5859487,77.3137588500977,5.279,41986.2328595884
261,Christchurch,41.15,58.85,New Zealand,Oceania,5185288.0,270467.0,19.1716,1.0108,246733522841.353,252175506110.168,Oceania,"Christchurch, New Zealand",-43.530955,172.6364343,77.0104675292969,3.297,40518.245535159
262,Bangkok,40.98,59.02,Thailand,Asia,71697030.0,513120.0,139.7276,1.0013,495645210972.751,514968699239.005,Asia,"Bangkok, Thailand",13.7524938,100.4935089,43.9606094360352,0.94,5393.01457363715
263,Kitchener,40.97,59.03,Canada,North America,38454327.0,9984670.0,3.8513,1.0078,2161483369422.01,2142470914401.36,Americas,"Kitchener, Canada",43.451291,-80.4927815,77.3137588500977,5.279,41986.2328595884
264,Leipzig,40.86,59.14,Germany,Europe,83369843.0,357114.0,233.4544,0.9995,4163596357879.39,4525703903627.53,Europe,"Leipzig, Germany",51.3406321,12.3747329,77.3656997680664,3.12,42982.481891127
266,Uppsala,40.56,59.44,Sweden,Europe,10549347.0,450295.0,23.4276,1.0079,579895717343.956,584960475767.32,Europe,"Uppsala, Sweden",59.8586126,17.6387436,83.8976135253906,7.392,51830.6266145746
267,Chennai,40.45,59.55,India,Asia,1417173173.0,3287590.0,431.0675,1.0068,3353470496886.33,3567551674623.01,Asia,"Chennai, India",13.0827,80.2707,32.6703071594238,4.822,1907.12903981633
268,Bonn,40.43,59.57,Germany,Europe,83369843.0,357114.0,233.4544,0.9995,4163596357879.39,4525703903627.53,Europe,"Bonn, Germany",50.7352621,7.1024635,77.3656997680664,3.12,42982.481891127
269,Limerick,40.28,59.72,Ireland,Europe,5023109.0,70273.0,71.4799,1.0073,548570250341.987,551394889339.778,Europe,"Limerick, Ireland",52.661252,-8.6301239,76.6049499511719,4.501,49607.1754153272
271,Florence,40.23,59.77,Italy,Europe,59037474.0,301336.0,195.9191,0.9966,2102995942720.44,2300941152991.81,Europe,"Florence, Italy",43.7697955,11.2556404,73.8962097167969,8.069,29681.5571261882
272,Thiruvananthapuram,39.54,60.46,India,Asia,1417173173.0,3287590.0,431.0675,1.0068,3353470496886.33,3567551674623.01,Asia,"Thiruvananthapuram, India",8.4882267,76.947551,32.6703071594238,4.822,1907.12903981633
273,Coimbatore,39.53,60.47,India,Asia,1417173173.0,3287590.0,431.0675,1.0068,3353470496886.33,3567551674623.01,Asia,"Coimbatore, India",11.0018115,76.9628425,32.6703071594238,4.822,1907.12903981633
279,Lviv,38.89,61.11,Ukraine,Europe,39701739.0,603500.0,65.7858,0.912,161989520721.19,178757021965.008,Europe,"Lviv, Ukraine",49.841952,24.0315921,80.84130096435547,9.167666666666667,3918.818359375
280,Amman,38.82,61.18,Jordan,Asia,11285869.0,89342.0,126.3221,1.0123,48764963380.2817,50967475352.1127,Asia,"Amman, Jordan",31.9515694,35.9239625,32.5119781494141,18.2,3934.82139218763
281,Makati,38.39,61.61,Philippines,Asia,115559009.0,342353.0,337.5434,1.0147,404353369604.631,437146372729.942,Asia,"Makati, Philippines",14.5567949,121.0211226,39.5887565612793,2.598,3196.29090547243
282,Vancouver,38.25,61.75,Canada,North America,38454327.0,9984670.0,3.8513,1.0078,2161483369422.01,2142470914401.36,Americas,"Vancouver, Canada",49.2608724,-123.113952,77.3137588500977,5.279,41986.2328595884
285,Karlsruhe,38.09,61.91,Germany,Europe,83369843.0,357114.0,233.4544,0.9995,4163596357879.39,4525703903627.53,Europe,"Karlsruhe, Germany",49.0068705,8.4034195,77.3656997680664,3.12,42982.481891127
286,Victoria,38.05,61.95,Canada,North America,38454327.0,9984670.0,3.8513,1.0078,2161483369422.01,2142470914401.36,Americas,"Victoria, Canada",48.4283182,-123.364953,77.3137588500977,5.279,41986.2328595884
287,Belgrade,38.01,61.99,Serbia,Europe,7221365.0,88361.0,81.7257,0.9897,66797564758.339,81342660752.3732,Europe,"Belgrade, Serbia",44.8178131,20.4568974,72.0334320068359,8.439,7431.64056276737
288,Strasbourg,37.93,62.07,France,Europe,64626628.0,551695.0,117.1419,1.0015,2796302210398.84,3051831611384.76,Europe,"Strasbourg, France",48.584614,7.7507127,71.4203109741211,7.308,36447.5784621026
289,Riga,37.91,62.09,Latvia,Europe,1850651.0,64559.0,28.666,0.9876,38018905782.397,42247850064.5125,Europe,"Riga, Latvia",56.9493977,24.1051846,91.3303680419922,6.815,16238.8897578519
290,Visakhapatnam,37.8,62.2,India,Asia,1417173173.0,3287590.0,431.0675,1.0068,3353470496886.33,3567551674623.01,Asia,"Visakhapatnam, India",17.6935526,83.2921297,32.6703071594238,4.822,1907.12903981633
291,Kaunas,37.58,62.42,Lithuania,Europe,2750055.0,65300.0,42.1142,0.9869,71033884499.7824,79789877416.1681,Europe,"Kaunas, Lithuania",54.8982139,23.9044817,76.9154586791992,5.955,19957.147930238
292,Antwerp,37.56,62.44,Belgium,Europe,11655930.0,30528.0,381.8111,1.0038,593438820508.173,644782756682.756,Europe,"Antwerp, Belgium",51.2211097,4.3997081,83.5736465454102,5.57,41743.0142804966
294,Kathmandu,37.25,62.75,Nepal,Asia,30547580.0,147181.0,207.5511,1.0171,41182939600.67,40908073366.8455,Asia,"Kathmandu, Nepal",27.7172,85.324,13.9988746643066,10.844,1148.15861171585
297,Baguio,37.17,62.83,Philippines,Asia,115559009.0,342353.0,337.5434,1.0147,404353369604.631,437146372729.942,Asia,"Baguio, Philippines",16.4119905,120.5933719,39.5887565612793,2.598,3196.29090547243
299,Varna,37.13,62.87,Bulgaria,Europe,6781953.0,110879.0,61.1654,0.9849,90642851835.8996,102407653020.606,Europe,"Varna, Bulgaria",43.2052135,27.860202452255194,84.1293563842773,4.268,10114.5235213919
300,Calgary,36.82,63.18,Canada,North America,38454327.0,9984670.0,3.8513,1.0078,2161483369422.01,2142470914401.36,Americas,"Calgary, Canada",51.0456064,-114.057541,77.3137588500977,5.279,41986.2328595884
301,Nagpur,36.77,63.23,India,Asia,1417173173.0,3287590.0,431.0675,1.0068,3353470496886.33,3567551674623.01,Asia,"Nagpur, India",21.1498134,79.0820556,32.6703071594238,4.822,1907.12903981633
302,Queretaro,36.74,63.26,Mexico,North America,127504125.0,1964375.0,64.9082,1.0063,1464312692331.58,1789114434843.46,Americas,"Queretaro, Mexico",20.8052225,-99.8837376,46.4061317443848,3.256,7443.53351798716
303,Oulu,36.51,63.49,Finland,Europe,5540745.0,338424.0,16.3722,1.0009,280241515774.32,295532341254.907,Europe,"Oulu, Finland",65.0118734,25.4716809,104.944221496582,6.719,44416.2001989398
305,Klaipeda,36.46,63.54,Lithuania,Europe,2750055.0,65300.0,42.1142,0.9869,71033884499.7824,79789877416.1681,Europe,"Klaipeda, Lithuania",55.7127529,21.1350469,76.9154586791992,5.955,19957.147930238
306,Guangzhou,36.41,63.59,China,Asia,1425887337.0,9706961.0,146.8933,1.0,17881782683707.3,17794783039552.0,Asia,"Guangzhou, China",23.1301964,113.2592945,71.9815521240234,4.98,9015.34800413676
307,Cagliari,36.37,63.63,Italy,Europe,59037474.0,301336.0,195.9191,0.9966,2102995942720.44,2300941152991.81,Europe,"Cagliari, Italy",39.2171994,9.113311,73.8962097167969,8.069,29681.5571261882
308,Jerusalem,36.24,63.76,Israel,Asia,9038309.0,20770.0,435.1617,1.0155,525000415276.678,513611100815.691,Asia,"Jerusalem, Israel",31.7683,35.2137,57.6379203796387,3.695,43494.5020003156
309,Rabat,36.17,63.83,Morocco,Africa,37457971.0,446550.0,83.883,1.0103,130951926351.241,144417103249.646,Africa,"Rabat, Morocco",34.02236,-6.8340222,46.1795501708984,9.494,3372.8427734375
310,Rotterdam,36.16,63.84,Netherlands,Europe,17564014.0,41850.0,419.6897,1.0036,1046540797548.64,1154361305398.06,Europe,"Rotterdam, Netherlands",51.9244424,4.47775,87.36347198486331,3.526,46419.7071212119
311,Cork,36.03,63.97,Ireland,Europe,5023109.0,70273.0,71.4799,1.0073,548570250341.987,551394889339.778,Europe,"Cork, Ireland",51.8985136,-8.4726423,76.6049499511719,4.501,49607.1754153272
312,Lahore,35.77,64.23,Pakistan,Asia,235824862.0,881912.0,267.4018,1.0191,374890295666.694,337912301397.727,Asia,"Lahore, Pakistan",31.5656822,74.3141829,10.6203098297119,5.485,1363.23295218181
314,Penang,35.59,64.41,Malaysia,Asia,33938221.0,330803.0,102.5934,1.0109,407605841348.235,399705169318.477,Asia,"Penang, Malaysia",5.4065013,100.2559077,40.2706604003906,3.93,7704.95361176673
315,Surat,35.55,64.45,India,Asia,1417173173.0,3287590.0,431.0675,1.0068,3353470496886.33,3567551674623.01,Asia,"Surat, India",21.2094892,72.8317058,32.6703071594238,4.822,1907.12903981633
316,Jaipur,35.52,64.48,India,Asia,1417173173.0,3287590.0,431.0675,1.0068,3353470496886.33,3567551674623.01,Asia,"Jaipur, India",26.9154576,75.8189817,32.6703071594238,4.822,1907.12903981633
317,Porto,35.35,64.65,Portugal,Europe,10270865.0,92090.0,111.5307,0.9981,256898675068.927,289114289663.542,Europe,"Porto, Portugal",41.1494512,-8.6107884,75.557243347168,6.011,19318.4675574803
318,Budapest,35.06,64.94,Hungary,Europe,9967308.0,93028.0,107.1431,1.0265,177006128624.627,212388906458.724,Europe,"Budapest, Hungary",47.4979,19.0402,58.0702514648438,3.609,14799.3838039183
319,Brisbane,35.05,64.95,Australia,Oceania,26177413.0,7692024.0,3.4032,1.0099,1690858246994.43,1728057316695.61,Oceania,"Brisbane, Australia",-27.4689682,153.0234991,106.240760803223,3.728,45710.8904505974
322,Puerto Vallarta,34.43,65.57,Mexico,North America,127504125.0,1964375.0,64.9082,1.0063,1464312692331.58,1789114434843.46,Americas,"Puerto Vallarta, Mexico",20.6407176,-105.220306,46.4061317443848,3.256,7443.53351798716
323,Navi Mumbai,34.33,65.67,India,Asia,1417173173.0,3287590.0,431.0675,1.0068,3353470496886.33,3567551674623.01,Asia,"Navi Mumbai, India",19.0308262,73.0198537,32.6703071594238,4.822,1907.12903981633
324,Kingston,34.17,65.83,Canada,North America,38454327.0,9984670.0,3.8513,1.0078,2161483369422.01,2142470914401.36,Americas,"Kingston, Canada",44.2312,-76.486,77.3137588500977,5.279,41986.2328595884
325,Dusseldorf,34.06,65.94,Germany,Europe,83369843.0,357114.0,233.4544,0.9995,4163596357879.39,4525703903627.53,Europe,"Dusseldorf, Germany",51.2254018,6.7763137,77.3656997680664,3.12,42982.481891127
326,Oslo,34.06,65.94,Norway,Europe,5434319.0,323802.0,16.7828,1.0058,593726965415.619,485310823603.662,Europe,"Oslo, Norway",59.9133301,10.7389701,97.6419830322266,3.231,69953.0192338809
328,Lund,33.96,66.04,Sweden,Europe,10549347.0,450295.0,23.4276,1.0079,579895717343.956,584960475767.32,Europe,"Lund, Sweden",55.7029296,13.1929449,83.8976135253906,7.392,51830.6266145746
329,Tashkent,33.86,66.14,Uzbekistan,Asia,34627652.0,447400.0,77.3975,1.016,90095926567.4359,101591769702.343,Asia,"Tashkent, Uzbekistan",41.3123363,69.2787079,31.2952404022217,4.49,1457.84675888408
330,Sydney,33.81,66.19,Australia,Oceania,26177413.0,7692024.0,3.4032,1.0099,1690858246994.43,1728057316695.61,Oceania,"Sydney, Australia",-33.8688,151.2093,106.240760803223,3.728,45710.8904505974
331,Aguascalientes,33.74,66.26,Mexico,North America,127504125.0,1964375.0,64.9082,1.0063,1464312692331.58,1789114434843.46,Americas,"Aguascalientes, Mexico",21.880487,-102.2967195,46.4061317443848,3.256,7443.53351798716
333,Iasi,33.67,66.33,Romania,Europe,19659267.0,238391.0,82.4665,1.0171,296354358293.475,350775856415.189,Europe,"Iasi, Romania",47.1615598,27.5837814,58.2390403747559,5.614,12194.3636281641
334,Split,33.62,66.38,Croatia,Europe,4030358.0,56594.0,71.2153,0.9927,71198635101.9514,84393795502.4421,Europe,"Split, Croatia",43.5116383,16.4399659,80.7626724243164,6.96,14553.4842135772
335,Nuremberg,33.48,66.52,Germany,Europe,83369843.0,357114.0,233.4544,0.9995,4163596357879.39,4525703903627.53,Europe,"Nuremberg, Germany",49.453872,11.077298,77.3656997680664,3.12,42982.481891127
336,Shanghai,33.41,66.59,China,Asia,1425887337.0,9706961.0,146.8933,1.0,17881782683707.3,17794783039552.0,Asia,"Shanghai, China",31.2304,121.4737,71.9815521240234,4.98,9015.34800413676
337,Guelph,33.17,66.83,Canada,North America,38454327.0,9984670.0,3.8513,1.0078,2161483369422.01,2142470914401.36,Americas,"Guelph, Canada",43.5460516,-80.2493276,77.3137588500977,5.279,41986.2328595884
338,Astana (Nur-Sultan),33.13,66.87,Kazakhstan,Asia,19397998.0,2724900.0,7.1188,1.0105,225496328925.494,262641892078.524,Asia,"Astana (Nur-Sultan), Kazakhstan",51.1282205,71.4306682,58.9427337646484,4.86,6362.63178237645
340,Amsterdam,33.06,66.94,Netherlands,Europe,17564014.0,41850.0,419.6897,1.0036,1046540797548.64,1154361305398.06,Europe,"Amsterdam, Netherlands",52.3676,4.9041,87.36347198486331,3.526,46419.7071212119
341,Vadodara,32.92,67.08,India,Asia,1417173173.0,3287590.0,431.0675,1.0068,3353470496886.33,3567551674623.01,Asia,"Vadodara, India",22.2973142,73.1942567,32.6703071594238,4.822,1907.12903981633
343,Beijing,32.44,67.56,China,Asia,1425887337.0,9706961.0,146.8933,1.0,17881782683707.3,17794783039552.0,Asia,"Beijing, China",39.9042,116.4074,71.9815521240234,4.98,9015.34800413676
344,Ahmedabad,32.4,67.6,India,Asia,1417173173.0,3287590.0,431.0675,1.0068,3353470496886.33,3567551674623.01,Asia,"Ahmedabad, India",23.0215374,72.5800568,32.6703071594238,4.822,1907.12903981633
345,Osaka,32.35,67.65,Japan,Asia,123951692.0,377930.0,327.9753,0.9947,4256410760723.75,4204494802431.55,Asia,"Osaka, Japan",34.6937,135.5023,64.6288299560547,2.6,30520.0704825716
346,Palma de Mallorca,32.28,67.72,Spain,Europe,47558630.0,505992.0,93.9909,1.0015,1446498147749.03,1620090734956.89,Europe,"Palma de Mallorca, Spain",39.58125245,2.7092683401782343,94.5131072998047,12.917,25118.4531381716
347,Hobart,32.18,67.82,Australia,Oceania,26177413.0,7692024.0,3.4032,1.0099,1690858246994.43,1728057316695.61,Oceania,"Hobart, Australia",-42.8825088,147.3281233,106.240760803223,3.728,45710.8904505974
348,Limassol,32.05,67.95,Cyprus,Europe,1251488.0,9251.0,135.2814,1.0059,30976176886.8521,33886930712.3394,Asia,"Limassol, Cyprus",34.6852901,33.0332657,98.3045806884766,6.806,24687.482421875
349,Shenzhen,31.86,68.14,China,Asia,1425887337.0,9706961.0,146.8933,1.0,17881782683707.3,17794783039552.0,Asia,"Shenzhen, China",22.5445741,114.0545429,71.9815521240234,4.98,9015.34800413676
350,Seville (Sevilla),31.59,68.41,Spain,Europe,47558630.0,505992.0,93.9909,1.0015,1446498147749.03,1620090734956.89,Europe,"Seville (Sevilla), Spain",37.3886303,-5.9953403,94.5131072998047,12.917,25118.4531381716
351,Freiburg im Breisgau,31.57,68.43,Germany,Europe,83369843.0,357114.0,233.4544,0.9995,4163596357879.39,4525703903627.53,Europe,"Freiburg im Breisgau, Germany",47.9960901,7.8494005,77.3656997680664,3.12,42982.481891127
352,Gdansk,31.41,68.59,Poland,Europe,39857145.0,312679.0,127.4698,1.0404,695607470875.276,809200697797.088,Europe,"Gdansk, Poland",54.3482907,18.6540233,75.2911071777344,2.811,15410.7923025682
354,Montreal,30.99,69.01,Canada,North America,38454327.0,9984670.0,3.8513,1.0078,2161483369422.01,2142470914401.36,Americas,"Montreal, Canada",45.5031824,-73.5698065,77.3137588500977,5.279,41986.2328595884
356,Wroclaw,30.87,69.13,Poland,Europe,39857145.0,312679.0,127.4698,1.0404,695607470875.276,809200697797.088,Europe,"Wroclaw, Poland",51.1089776,17.0326689,75.2911071777344,2.811,15410.7923025682
357,Stuttgart,30.71,69.29,Germany,Europe,83369843.0,357114.0,233.4544,0.9995,4163596357879.39,4525703903627.53,Europe,"Stuttgart, Germany",48.7784485,9.1800132,77.3656997680664,3.12,42982.481891127
358,Dresden,30.63,69.37,Germany,Europe,83369843.0,357114.0,233.4544,0.9995,4163596357879.39,4525703903627.53,Europe,"Dresden, Germany",51.0493286,13.7381437,77.3656997680664,3.12,42982.481891127
359,Wellington,30.61,69.39,New Zealand,Oceania,5185288.0,270467.0,19.1716,1.0108,246733522841.353,252175506110.168,Oceania,"Wellington, New Zealand",-41.2887953,174.7772114,77.0104675292969,3.297,40518.245535159
360,Poznan,30.57,69.43,Poland,Europe,39857145.0,312679.0,127.4698,1.0404,695607470875.276,809200697797.088,Europe,"Poznan, Poland",52.4082663,16.9335199,75.2911071777344,2.811,15410.7923025682
361,Kuwait City,30.55,69.45,Kuwait,Asia,4268873.0,17818.0,239.5821,1.0044,183940215065.171,163704878875.85,Asia,"Kuwait City, Kuwait",29.3796532,47.9734174,55.25265502929687,2.174,29080.1062170505
363,Baku,30.36,69.64,Azerbaijan,Asia,10358074.0,86600.0,119.6082,1.0044,78807470588.2353,72356176470.5882,Asia,"Baku, Azerbaijan",40.3755885,49.8328009,41.001781463623,5.65,3965.42439576196
364,Ad Dammam,30.29,69.71,Saudi Arabia,Asia,36408820.0,2149690.0,16.9368,1.0128,1108571466666.67,1067582933333.33,Asia,"Ad Dammam, Saudi Arabia",26.4367824,50.1039991,73.7492065429688,5.589,18838.3821047442
365,Krakow (Cracow),30.28,69.72,Poland,Europe,39857145.0,312679.0,127.4698,1.0404,695607470875.276,809200697797.088,Europe,"Krakow (Cracow), Poland",50.047136,19.8896389,75.2911071777344,2.811,15410.7923025682
366,Luxembourg,30.15,69.85,Luxembourg,Europe,647599.0,2586.0,250.425,1.0129,81641807865.7591,85755006123.5976,Europe,"Luxembourg, Luxembourg",49.6112768,6.129799,21.032600402832,4.588,77781.175704672
367,Madrid,30.06,69.94,Spain,Europe,47558630.0,505992.0,93.9909,1.0015,1446498147749.03,1620090734956.89,Europe,"Madrid, Spain",40.4167047,-3.7035825,94.5131072998047,12.917,25118.4531381716
368,Burlington,30.0,70.0,Canada,North America,38454327.0,9984670.0,3.8513,1.0078,2161483369422.01,2142470914401.36,Americas,"Burlington, Canada",43.3248924,-79.7966835,77.3137588500977,5.279,41986.2328595884
369,Adelaide,29.98,70.02,Australia,Oceania,26177413.0,7692024.0,3.4032,1.0099,1690858246994.43,1728057316695.61,Oceania,"Adelaide, Australia",-34.9285,138.6007,106.240760803223,3.728,45710.8904505974
371,Nicosia,29.87,70.13,Cyprus,Europe,1251488.0,9251.0,135.2814,1.0059,30976176886.8521,33886930712.3394,Asia,"Nicosia, Cyprus",35.1746503,33.3638783,98.3045806884766,6.806,24687.482421875
373,Islamabad,29.52,70.48,Pakistan,Asia,235824862.0,881912.0,267.4018,1.0191,374890295666.694,337912301397.727,Asia,"Islamabad, Pakistan",33.6938118,73.0651511,10.6203098297119,5.485,1363.23295218181
375,Galway,29.19,70.81,Ireland,Europe,5023109.0,70273.0,71.4799,1.0073,548570250341.987,551394889339.778,Europe,"Galway, Ireland",53.2744122,-9.0490601,76.6049499511719,4.501,49607.1754153272
376,Lisbon,29.17,70.83,Portugal,Europe,10270865.0,92090.0,111.5307,0.9981,256898675068.927,289114289663.542,Europe,"Lisbon, Portugal",38.7077507,-9.1365919,75.557243347168,6.011,19318.4675574803
377,Jeddah (Jiddah),28.95,71.05,Saudi Arabia,Asia,36408820.0,2149690.0,16.9368,1.0128,1108571466666.67,1067582933333.33,Asia,"Jeddah (Jiddah), Saudi Arabia",21.5504432,39.1742363,73.7492065429688,5.589,18838.3821047442
378,Alicante,28.81,71.19,Spain,Europe,47558630.0,505992.0,93.9909,1.0015,1446498147749.03,1620090734956.89,Europe,"Alicante, Spain",38.3436365,-0.4881708,94.5131072998047,12.917,25118.4531381716
379,Bucharest,28.25,71.75,Romania,Europe,19659267.0,238391.0,82.4665,1.0171,296354358293.475,350775856415.189,Europe,"Bucharest, Romania",44.4361414,26.1027202,58.2390403747559,5.614,12194.3636281641
381,Davao,27.75,72.25,Philippines,Asia,115559009.0,342353.0,337.5434,1.0147,404353369604.631,437146372729.942,Asia,"Davao, Philippines",7.1907,125.4553,39.5887565612793,2.598,3196.29090547243
382,Valencia,27.68,72.32,Spain,Europe,47558630.0,505992.0,93.9909,1.0015,1446498147749.03,1620090734956.89,Europe,"Valencia, Spain",39.4697065,-0.3763353,94.5131072998047,12.917,25118.4531381716
383,Graz,27.38,72.62,Austria,Europe,8939617.0,83871.0,106.5877,1.002,471773629830.381,511685203845.001,Europe,"Graz, Austria",47.0707,15.4395,94.5116882324219,4.992,43281.7334797461
384,Warsaw,27.3,72.7,Poland,Europe,39857145.0,312679.0,127.4698,1.0404,695607470875.276,809200697797.088,Europe,"Warsaw, Poland",52.2337172,21.071432235636493,75.2911071777344,2.811,15410.7923025682
385,Ottawa,27.27,72.73,Canada,North America,38454327.0,9984670.0,3.8513,1.0078,2161483369422.01,2142470914401.36,Americas,"Ottawa, Canada",45.4208777,-75.6901106,77.3137588500977,5.279,41986.2328595884
386,Singapore,27.22,72.78,Singapore,Asia,5975689.0,710.0,8416.4634,1.0058,498474540987.78,501427500080.059,Asia,"Singapore, Singapore",1.2899175,103.8519072,98.0222320556641,3.591,50689.9927011895
387,Bergen,27.2,72.8,Norway,Europe,5434319.0,323802.0,16.7828,1.0058,593726965415.619,485310823603.662,Europe,"Bergen, Norway",60.3943055,5.3259192,97.6419830322266,3.231,69953.0192338809
388,Malaga,27.05,72.95,Spain,Europe,47558630.0,505992.0,93.9909,1.0015,1446498147749.03,1620090734956.89,Europe,"Malaga, Spain",36.7213,-4.4214,94.5131072998047,12.917,25118.4531381716
390,Haifa,26.86,73.14,Israel,Asia,9038309.0,20770.0,435.1617,1.0155,525000415276.678,513611100815.691,Asia,"Haifa, Israel",32.8191218,34.9983856,57.6379203796387,3.695,43494.5020003156
391,Vienna,26.85,73.15,Austria,Europe,8939617.0,83871.0,106.5877,1.002,471773629830.381,511685203845.001,Europe,"Vienna, Austria",48.2083537,16.3725042,94.5116882324219,4.992,43281.7334797461
392,Utrecht,26.81,73.19,Netherlands,Europe,17564014.0,41850.0,419.6897,1.0036,1046540797548.64,1154361305398.06,Europe,"Utrecht, Netherlands",52.0907006,5.1215634,87.36347198486331,3.526,46419.7071212119
393,Copenhagen,26.67,73.33,Denmark,Europe,5882261.0,43094.0,136.4984,1.0048,401945576107.963,407091920305.404,Europe,"Copenhagen, Denmark",55.6867243,12.5700724,84.5866088867188,4.434,58796.3599323691
394,Tel Aviv-Yafo,26.62,73.38,Israel,Asia,9038309.0,20770.0,435.1617,1.0155,525000415276.678,513611100815.691,Asia,"Tel Aviv-Yafo, Israel",32.0852997,34.7818064,57.6379203796387,3.695,43494.5020003156
395,Geneva,26.61,73.39,Switzerland,Europe,8740472.0,41284.0,211.7157,1.0056,818426550206.45,884940402230.409,Europe,"Geneva, Switzerland",46.2017559,6.1466014,74.1526794433594,4.122,69631.6582374907
396,Vilnius,26.51,73.49,Lithuania,Europe,2750055.0,65300.0,42.1142,0.9869,71033884499.7824,79789877416.1681,Europe,"Vilnius, Lithuania",54.6870458,25.2829111,76.9154586791992,5.955,19957.147930238
397,Brasov,26.49,73.51,Romania,Europe,19659267.0,238391.0,82.4665,1.0171,296354358293.475,350775856415.189,Europe,"Brasov, Romania",45.6525105,25.6105654,58.2390403747559,5.614,12194.3636281641
398,Riyadh,26.31,73.69,Saudi Arabia,Asia,36408820.0,2149690.0,16.9368,1.0128,1108571466666.67,1067582933333.33,Asia,"Riyadh, Saudi Arabia",23.333333,45.333333,73.7492065429688,5.589,18838.3821047442
399,Richmond Hill,26.28,73.72,Canada,North America,38454327.0,9984670.0,3.8513,1.0078,2161483369422.01,2142470914401.36,Americas,"Richmond Hill, Canada",43.8801166,-79.4392925,77.3137588500977,5.279,41986.2328595884
400,Gent,26.26,73.74,Belgium,Europe,11655930.0,30528.0,381.8111,1.0038,593438820508.173,644782756682.756,Europe,"Gent, Belgium",51.0538286,3.7250121,83.5736465454102,5.57,41743.0142804966
401,Trieste,26.17,73.83,Italy,Europe,59037474.0,301336.0,195.9191,0.9966,2102995942720.44,2300941152991.81,Europe,"Trieste, Italy",45.6496485,13.7772781,73.8962097167969,8.069,29681.5571261882
403,Oakville,25.74,74.26,Canada,North America,38454327.0,9984670.0,3.8513,1.0078,2161483369422.01,2142470914401.36,Americas,"Oakville, Canada",43.447436,-79.666672,77.3137588500977,5.279,41986.2328595884
404,Aalborg,25.54,74.46,Denmark,Europe,5882261.0,43094.0,136.4984,1.0048,401945576107.963,407091920305.404,Europe,"Aalborg, Denmark",57.0462626,9.9215263,84.5866088867188,4.434,58796.3599323691
405,Lausanne,25.53,74.47,Switzerland,Europe,8740472.0,41284.0,211.7157,1.0056,818426550206.45,884940402230.409,Europe,"Lausanne, Switzerland",46.5218269,6.6327025,74.1526794433594,4.122,69631.6582374907
407,Tbilisi,25.16,74.84,Georgia,Asia,3744385.0,69700.0,53.7214,0.9964,24984568959.605,30777833585.4441,Asia,"Tbilisi, Georgia",41.6934591,44.8014495,78.9377136230469,11.647,4084.97057411529
408,Markham,25.15,74.85,Canada,North America,38454327.0,9984670.0,3.8513,1.0078,2161483369422.01,2142470914401.36,Americas,"Markham, Canada",43.8563707,-79.3376825,77.3137588500977,5.279,41986.2328595884
409,Mangalore,25.07,74.93,India,Asia,1417173173.0,3287590.0,431.0675,1.0068,3353470496886.33,3567551674623.01,Asia,"Mangalore, India",12.8698101,74.8430082,32.6703071594238,4.822,1907.12903981633
410,Merida,24.96,75.04,Mexico,North America,127504125.0,1964375.0,64.9082,1.0063,1464312692331.58,1789114434843.46,Americas,"Merida, Mexico",20.9670759,-89.6237402,46.4061317443848,3.256,7443.53351798716
411,Helsinki,24.92,75.08,Finland,Europe,5540745.0,338424.0,16.3722,1.0009,280241515774.32,295532341254.907,Europe,"Helsinki, Finland",60.1695,24.9354,104.944221496582,6.719,44416.2001989398
412,Eindhoven,24.32,75.68,Netherlands,Europe,17564014.0,41850.0,419.6897,1.0036,1046540797548.64,1154361305398.06,Europe,"Eindhoven, Netherlands",51.4392648,5.478633,87.36347198486331,3.526,46419.7071212119
413,Kigali,24.16,75.84,Rwanda,Africa,13776698.0,26338.0,523.0731,1.0234,13316160895.0447,14097768472.1883,Africa,"Kigali, Rwanda",-1.8859597,30.1296751,7.41325998306274,15.084,673.703834888588
415,Timisoara,24.06,75.94,Romania,Europe,19659267.0,238391.0,82.4665,1.0171,296354358293.475,350775856415.189,Europe,"Timisoara, Romania",45.7538355,21.2257474,58.2390403747559,5.614,12194.3636281641
416,Chiang Mai,23.91,76.09,Thailand,Asia,71697030.0,513120.0,139.7276,1.0013,495645210972.751,514968699239.005,Asia,"Chiang Mai, Thailand",18.7882778,98.9858802,43.9606094360352,0.94,5393.01457363715
417,Tokyo,23.79,76.21,Japan,Asia,123951692.0,377930.0,327.9753,0.9947,4256410760723.75,4204494802431.55,Asia,"Tokyo, Japan",35.6895,139.6917,64.6288299560547,2.6,30520.0704825716
418,Tallinn,23.59,76.41,Estonia,Europe,1326062.0,45227.0,29.3201,0.998,38376046174.971,41291245222.1948,Europe,"Tallinn, Estonia",59.4372155,24.7453688,71.4251937866211,5.571,22462.3647535878
419,Rijeka,23.43,76.57,Croatia,Europe,4030358.0,56594.0,71.2153,0.9927,71198635101.9514,84393795502.4421,Europe,"Rijeka, Croatia",45.3267976,14.442208,80.7626724243164,6.96,14553.4842135772
420,Stavanger,23.32,76.68,Norway,Europe,5434319.0,323802.0,16.7828,1.0058,593726965415.619,485310823603.662,Europe,"Stavanger, Norway",58.9699675,5.7318101,97.6419830322266,3.231,69953.0192338809
421,Reykjavik,23.02,76.98,Iceland,Europe,372899.0,103000.0,3.6204,1.0069,28770206626.5564,31325116556.3807,Europe,"Reykjavik, Iceland",64.145981,-21.9422367,84.985237121582,3.789,54204.4243535276
423,Coquitlam,22.51,77.49,Canada,North America,38454327.0,9984670.0,3.8513,1.0078,2161483369422.01,2142470914401.36,Americas,"Coquitlam, Canada",49.2842958,-122.793281,77.3137588500977,5.279,41986.2328595884
424,Canberra,22.31,77.69,Australia,Oceania,26177413.0,7692024.0,3.4032,1.0099,1690858246994.43,1728057316695.61,Oceania,"Canberra, Australia",-35.2975906,149.1012676,106.240760803223,3.728,45710.8904505974
425,The Hague (Den Haag),22.26,77.74,Netherlands,Europe,17564014.0,41850.0,419.6897,1.0036,1046540797548.64,1154361305398.06,Europe,"The Hague (Den Haag), Netherlands",52.0799838,4.3113461,87.36347198486331,3.526,46419.7071212119
426,Cluj-Napoca,22.16,77.84,Romania,Europe,19659267.0,238391.0,82.4665,1.0171,296354358293.475,350775856415.189,Europe,"Cluj-Napoca, Romania",46.769379,23.5899542,58.2390403747559,5.614,12194.3636281641
427,Tampere,21.86,78.14,Finland,Europe,5540745.0,338424.0,16.3722,1.0009,280241515774.32,295532341254.907,Europe,"Tampere, Finland",61.4980214,23.7603118,104.944221496582,6.719,44416.2001989398
428,Yerevan,21.66,78.34,Armenia,Asia,2780469.0,29743.0,93.4831,0.9962,19513506553.1251,24085749592.3359,Asia,"Yerevan, Armenia",40.1777112,44.5126233,59.8064498901367,13.379,3790.56480898451
430,Ljubljana,21.48,78.52,Slovenia,Europe,2119844.0,20273.0,104.5649,1.0002,59927702746.2843,69148468417.3208,Europe,"Ljubljana, Slovenia",46.0500268,14.5069289,82.3922576904297,4.011,23493.4748984427
431,Zagreb,21.36,78.64,Croatia,Europe,4030358.0,56594.0,71.2153,0.9927,71198635101.9514,84393795502.4421,Europe,"Zagreb, Croatia",45.8130967,15.9772795,80.7626724243164,6.96,14553.4842135772
432,Manama,21.06,78.94,Bahrain,Asia,1472233.0,765.0,1924.4876,1.0061,46680398936.1702,46079867021.2766,Asia,"Manama, Bahrain",26.2235041,50.5822436,77.2444915771484,1.326,17252.7504486041
434,Groningen,20.8,79.2,Netherlands,Europe,17564014.0,41850.0,419.6897,1.0036,1046540797548.64,1154361305398.06,Europe,"Groningen, Netherlands",53.2190652,6.5680077,87.36347198486331,3.526,46419.7071212119
435,Tartu,20.7,79.3,Estonia,Europe,1326062.0,45227.0,29.3201,0.998,38376046174.971,41291245222.1948,Europe,"Tartu, Estonia",58.3801207,26.72245,71.4251937866211,5.571,22462.3647535878
436,Arhus,20.6,79.4,Denmark,Europe,5882261.0,43094.0,136.4984,1.0048,401945576107.963,407091920305.404,Europe,"Arhus, Denmark",56.1496278,10.2134046,84.5866088867188,4.434,58796.3599323691
437,Muscat,20.54,79.46,Oman,Asia,4576298.0,309500.0,14.7861,1.0123,111943823146.944,108810923276.983,Asia,"Muscat, Oman",23.5882019,58.3829448,45.797040303548165,3.3,12557.8131886698
438,Basel,20.12,79.88,Switzerland,Europe,8740472.0,41284.0,211.7157,1.0056,818426550206.45,884940402230.409,Europe,"Basel, Switzerland",47.5581077,7.5878261,74.1526794433594,4.122,69631.6582374907
439,Oradea,19.82,80.18,Romania,Europe,19659267.0,238391.0,82.4665,1.0171,296354358293.475,350775856415.189,Europe,"Oradea, Romania",47.0549163,21.9285231,58.2390403747559,5.614,12194.3636281641
440,Lugano,19.48,80.52,Switzerland,Europe,8740472.0,41284.0,211.7157,1.0056,818426550206.45,884940402230.409,Europe,"Lugano, Switzerland",46.0050102,8.9520281,74.1526794433594,4.122,69631.6582374907
441,Trondheim,19.41,80.59,Norway,Europe,5434319.0,323802.0,16.7828,1.0058,593726965415.619,485310823603.662,Europe,"Trondheim, Norway",63.4304475,10.3952118,97.6419830322266,3.231,69953.0192338809
443,Munich,18.66,81.34,Germany,Europe,83369843.0,357114.0,233.4544,0.9995,4163596357879.39,4525703903627.53,Europe,"Munich, Germany",48.1371079,11.5753822,77.3656997680664,3.12,42982.481891127
444,Bern,17.94,82.06,Switzerland,Europe,8740472.0,41284.0,211.7157,1.0056,818426550206.45,884940402230.409,Europe,"Bern, Switzerland",46.9484742,7.4521749,74.1526794433594,4.122,69631.6582374907
445,Zurich,17.26,82.74,Switzerland,Europe,8740472.0,41284.0,211.7157,1.0056,818426550206.45,884940402230.409,Europe,"Zurich, Switzerland",47.3744489,8.5410422,74.1526794433594,4.122,69631.6582374907
446,Dubai,16.3,83.7,United Arab Emirates,Asia,9441129.0,83600.0,112.9322,1.0081,502731935197.487,514130432653.081,Asia,"Dubai, United Arab Emirates",25.07428235,55.18853865430702,56.16123580932615,2.872,33903.4342222379
447,Sharjah,15.69,84.31,United Arab Emirates,Asia,9441129.0,83600.0,112.9322,1.0081,502731935197.487,514130432653.081,Asia,"Sharjah, United Arab Emirates",25.2311534,54.21900831355923,56.16123580932615,2.872,33903.4342222379
448,Ajman,15.64,84.36,United Arab Emirates,Asia,9441129.0,83600.0,112.9322,1.0081,502731935197.487,514130432653.081,Asia,"Ajman, United Arab Emirates",25.5091287,55.36190724872312,56.16123580932615,2.872,33903.4342222379
449,Quebec City,15.14,84.86,Canada,North America,38454327.0,9984670.0,3.8513,1.0078,2161483369422.01,2142470914401.36,Americas,"Quebec City, Canada",46.8137431,-71.2084061,77.3137588500977,5.279,41986.2328595884
451,San Sebastian,14.86,85.14,Spain,Europe,47558630.0,505992.0,93.9909,1.0015,1446498147749.03,1620090734956.89,Europe,"San Sebastian, Spain",43.3183,-1.9812,94.5131072998047,12.917,25118.4531381716
452,Doha,13.96,86.04,Qatar,Asia,2695122.0,11586.0,232.6189,1.0026,235709325708.341,213002809330.267,Asia,"Doha, Qatar",25.2856329,51.5264162,35.0854911804199,0.13,51676.6570074114
453,Abu Dhabi,11.67,88.33,United Arab Emirates,Asia,9441129.0,83600.0,112.9322,1.0081,502731935197.487,514130432653.081,Asia,"Abu Dhabi, United Arab Emirates",24.4538352,54.3774014,56.16123580932615,2.872,33903.4342222379
